{"cameraMode":{"drawMode":0,"name":"Shaded","section":"Shading Mode"},"sceneLighting":false,"audioPlay":false,"sceneViewState":{"m_AlwaysRefresh":false,"showFog":true,"showSkybox":false,"showFlares":true,"showImageEffects":true,"showParticleSystems":true,"showVisualEffectGraphs":true,"m_FxEnabled":true},"in2DMode":false,"pivot":{"x":0.5929303765296936,"y":0.13497263193130494,"z":0.5251566767692566},"rotation":{"x":0.19981294870376588,"y":0.20010319352149964,"z":-0.04156731441617012,"w":0.958378255367279},"size":1.7513136863708497,"orthographic":false}