{"cameraMode":{"drawMode":0,"name":"Shaded","section":"Shading Mode"},"sceneLighting":true,"audioPlay":false,"sceneViewState":{"m_AlwaysRefresh":false,"showFog":true,"showSkybox":true,"showFlares":true,"showImageEffects":true,"showParticleSystems":true,"showVisualEffectGraphs":true,"m_FxEnabled":true},"in2DMode":false,"pivot":{"x":1263.536376953125,"y":1419.07763671875,"z":292.6382751464844},"rotation":{"x":0.036293696612119678,"y":0.024293415248394014,"z":-0.0008530071354471147,"w":0.9990785717964172},"size":602.3119506835938,"orthographic":false}