{"cameraMode":{"drawMode":0,"name":"Shaded","section":"Shading Mode"},"sceneLighting":false,"audioPlay":false,"sceneViewState":{"m_AlwaysRefresh":false,"showFog":true,"showSkybox":false,"showFlares":true,"showImageEffects":true,"showParticleSystems":true,"showVisualEffectGraphs":true,"m_FxEnabled":true},"in2DMode":false,"pivot":{"x":2.2919063568115236,"y":0.5933305025100708,"z":12.611663818359375},"rotation":{"x":-0.09470338374376297,"y":0.8532964587211609,"z":-0.1667155623435974,"w":-0.48506098985671999},"size":1.2281973361968995,"orthographic":false}