{"cameraMode":{"drawMode":0,"name":"Shaded","section":"Shading Mode"},"sceneLighting":false,"audioPlay":false,"sceneViewState":{"m_AlwaysRefresh":false,"showFog":true,"showSkybox":false,"showFlares":true,"showImageEffects":true,"showParticleSystems":true,"showVisualEffectGraphs":true,"m_FxEnabled":true},"in2DMode":false,"pivot":{"x":442.5202331542969,"y":215.05966186523438,"z":125.7681884765625},"rotation":{"x":0.006888061761856079,"y":-0.025199290364980699,"z":-0.00017367428517900407,"w":-0.9996578097343445},"size":492.365966796875,"orthographic":false}