{"cameraMode":{"drawMode":0,"name":"Shaded","section":"Shading Mode"},"sceneLighting":true,"audioPlay":false,"sceneViewState":{"m_AlwaysRefresh":false,"showFog":true,"showSkybox":true,"showFlares":true,"showImageEffects":true,"showParticleSystems":true,"showVisualEffectGraphs":true,"m_FxEnabled":true},"in2DMode":false,"pivot":{"x":49.662010192871097,"y":26.298372268676759,"z":-140.5856475830078},"rotation":{"x":0.15708574652671815,"y":-0.7387299537658691,"z":0.18458716571331025,"w":0.6289518475532532},"size":57.06733322143555,"orthographic":false}