{"cameraMode":{"drawMode":0,"name":"Shaded","section":"Shading Mode"},"sceneLighting":true,"audioPlay":false,"sceneViewState":{"m_AlwaysRefresh":false,"showFog":true,"showSkybox":true,"showFlares":true,"showImageEffects":true,"showParticleSystems":true,"showVisualEffectGraphs":true,"m_FxEnabled":true},"in2DMode":false,"pivot":{"x":28.843557357788087,"y":-10.589902877807618,"z":-162.2362518310547},"rotation":{"x":0.3146933615207672,"y":-0.17296697199344636,"z":0.058454401791095737,"w":0.9315102696418762},"size":56.863895416259769,"orthographic":false}