{"cameraMode":{"drawMode":0,"name":"Shaded","section":"Shading Mode"},"sceneLighting":false,"audioPlay":false,"sceneViewState":{"m_AlwaysRefresh":false,"showFog":true,"showSkybox":false,"showFlares":true,"showImageEffects":true,"showParticleSystems":true,"showVisualEffectGraphs":true,"m_FxEnabled":true},"in2DMode":false,"pivot":{"x":3.319999933242798,"y":0.9800000190734863,"z":-4.920000076293945},"rotation":{"x":0.07010506093502045,"y":-0.1620713323354721,"z":0.011544782668352127,"w":0.9842231869697571},"size":1.2247449159622193,"orthographic":false}